iterations_since_restore,pid,date,timesteps_since_restore,done,episodes_this_iter,hostname,time_this_iter_s,time_total_s,config,time_since_restore,training_iteration,node_ip,timestamp,episode_reward_mean,episode_reward_min,custom_metrics,timesteps_total,timesteps_this_iter,info,num_metric_batches_dropped,episodes_total,episode_len_mean,experiment_id,episode_reward_max,policy_reward_mean
1,3229,2018-11-10_00-18-12,69750,False,0,ip-172-30-5-248,10.98872184753418,10.98872184753418,"{'grad_clip': 40.0, 'replay_buffer_num_slots': 100, 'tf_session_args': {'allow_soft_placement': True, 'gpu_options': {'allow_growth': True}, 'inter_op_parallelism_threads': 1, 'device_count': {'CPU': 1}, 'intra_op_parallelism_threads': 1, 'log_device_placement': False}, 'synchronize_filters': True, 'opt_type': 'adam', 'num_gpus_per_worker': 0, 'sample_batch_size': 50, 'max_sample_requests_in_flight_per_worker': 1, 'lr_schedule': None, 'compress_observations': False, 'log_level': 'INFO', 'monitor': False, 'vtrace_clip_pg_rho_threshold': 1.0, 'decay': 0.99, 'multiagent': {'policy_mapping_fn': None, 'policy_graphs': {}, 'policies_to_train': None}, 'num_parallel_data_loaders': 4, 'num_cpus_per_worker': 1, 'env_config': {}, 'vtrace': True, 'entropy_coeff': -0.01, 'env': 'PongNoFrameskip-v4', 'lr': 0.0005, 'momentum': 0.0, 'sample_async': False, 'preprocessor_pref': 'deepmind', 'clip_rewards': None, 'optimizer': {'grad_clip': 40.0, 'num_envs_per_worker': 5, 'num_gpus': 2, 'replay_buffer_num_slots': 100, 'num_parallel_data_loaders': 4, 'sample_batch_size': 50, 'lr': 0.0005, 'replay_proportion': 0.0, 'max_sample_requests_in_flight_per_worker': 1, 'train_batch_size': 1000}, 'num_workers': 128, 'epsilon': 0.1, 'collect_metrics_timeout': 180, 'callbacks': {'on_episode_step': None, 'on_sample_end': None, 'on_episode_start': None, 'on_episode_end': None}, 'replay_proportion': 0.0, 'train_batch_size': 1000, 'batch_mode': 'truncate_episodes', 'vf_loss_coeff': 0.5, 'num_envs_per_worker': 5, 'num_gpus': 2, 'min_iter_time_s': 10, 'vtrace_clip_rho_threshold': 1.0, 'observation_filter': 'NoFilter', 'gpu_fraction': 1, 'horizon': None, 'model': {'custom_preprocessor': None, 'fcnet_activation': 'tanh', 'framestack': True, 'squash_to_range': False, 'use_lstm': False, 'free_log_std': False, 'grayscale': False, 'channel_major': False, 'custom_model': None, 'max_seq_len': 20, 'lstm_use_prev_action_reward': False, 'fcnet_hiddens': [256, 256], 'dim': 42, 'custom_options': {}, 'conv_filters': None, 'lstm_cell_size': 256, 'conv_activation': 'relu', 'zero_mean': True}, 'gamma': 0.99}",10.98872184753418,1,172.30.5.248,1541809092,nan,nan,{},69750,69750,"{'sample_throughput': 6748.526, 'train_throughput': 8745.535, 'learner': {'grad_gnorm': 40.0, 'vf_explained_var': 0.9561641812324524, 'var_gnorm': 10.175705909729004, 'entropy': 737.1124877929688, 'cur_lr': 0.0005000000237487257, 'policy_loss': -4.029646396636963, 'vf_loss': 0.7673713564872742}, 'learner_queue': {'size_count': 69, 'size_quantiles': [0.0, 0.0, 0.0, 5.100000000000001, 8.0], 'size_mean': 0.96, 'size_std': 2.097236276626933}, 'timing_breakdown': {'sample_processing_time_ms': 2067.04, 'learner_dequeue_time_ms': 1325.63, 'learner_load_wait_time_ms': 11.554, 'train_time_ms': 3887.698, 'enqueue_time_ms': 0.048, 'sample_time_ms': 2067.118, 'learner_load_time_ms': 92.606, 'put_weights_time_ms': 22.829, 'learner_grad_time_ms': 25.411}, 'num_weight_syncs': 279, 'num_steps_trained': 68000, 'num_steps_sampled': 69750, 'num_steps_replayed': 0}",0,,nan,bd000271f8194582a49a82e05d6a5cb0,nan,{}
2,3229,2018-11-10_00-18-22,340500,False,0,ip-172-30-5-248,10.694822072982788,21.683543920516968,"{'grad_clip': 40.0, 'replay_buffer_num_slots': 100, 'tf_session_args': {'allow_soft_placement': True, 'gpu_options': {'allow_growth': True}, 'inter_op_parallelism_threads': 1, 'device_count': {'CPU': 1}, 'intra_op_parallelism_threads': 1, 'log_device_placement': False}, 'synchronize_filters': True, 'opt_type': 'adam', 'num_gpus_per_worker': 0, 'sample_batch_size': 50, 'max_sample_requests_in_flight_per_worker': 1, 'lr_schedule': None, 'compress_observations': False, 'log_level': 'INFO', 'monitor': False, 'vtrace_clip_pg_rho_threshold': 1.0, 'decay': 0.99, 'multiagent': {'policy_mapping_fn': None, 'policy_graphs': {}, 'policies_to_train': None}, 'num_parallel_data_loaders': 4, 'num_cpus_per_worker': 1, 'env_config': {}, 'vtrace': True, 'entropy_coeff': -0.01, 'env': 'PongNoFrameskip-v4', 'lr': 0.0005, 'momentum': 0.0, 'sample_async': False, 'preprocessor_pref': 'deepmind', 'clip_rewards': None, 'optimizer': {'grad_clip': 40.0, 'num_envs_per_worker': 5, 'num_gpus': 2, 'replay_buffer_num_slots': 100, 'num_parallel_data_loaders': 4, 'sample_batch_size': 50, 'lr': 0.0005, 'replay_proportion': 0.0, 'max_sample_requests_in_flight_per_worker': 1, 'train_batch_size': 1000}, 'num_workers': 128, 'epsilon': 0.1, 'collect_metrics_timeout': 180, 'callbacks': {'on_episode_step': None, 'on_sample_end': None, 'on_episode_start': None, 'on_episode_end': None}, 'replay_proportion': 0.0, 'train_batch_size': 1000, 'batch_mode': 'truncate_episodes', 'vf_loss_coeff': 0.5, 'num_envs_per_worker': 5, 'num_gpus': 2, 'min_iter_time_s': 10, 'vtrace_clip_rho_threshold': 1.0, 'observation_filter': 'NoFilter', 'gpu_fraction': 1, 'horizon': None, 'model': {'custom_preprocessor': None, 'fcnet_activation': 'tanh', 'framestack': True, 'squash_to_range': False, 'use_lstm': False, 'free_log_std': False, 'grayscale': False, 'channel_major': False, 'custom_model': None, 'max_seq_len': 20, 'lstm_use_prev_action_reward': False, 'fcnet_hiddens': [256, 256], 'dim': 42, 'custom_options': {}, 'conv_filters': None, 'lstm_cell_size': 256, 'conv_activation': 'relu', 'zero_mean': True}, 'gamma': 0.99}",21.683543920516968,2,172.30.5.248,1541809102,nan,nan,{},340500,270750,"{'sample_throughput': 26837.066, 'train_throughput': 26925.638, 'learner': {'grad_gnorm': 40.0, 'vf_explained_var': 0.7760935425758362, 'var_gnorm': 10.704360961914062, 'entropy': 845.0855712890625, 'cur_lr': 0.0005000000237487257, 'policy_loss': -7.220401287078857, 'vf_loss': 5.8142595291137695}, 'learner_queue': {'size_count': 340, 'size_quantiles': [0.0, 0.0, 0.0, 0.0, 0.0], 'size_mean': 0.0, 'size_std': 0.0}, 'timing_breakdown': {'sample_processing_time_ms': 564.048, 'learner_dequeue_time_ms': 565.579, 'learner_load_wait_time_ms': 6.824, 'train_time_ms': 564.518, 'enqueue_time_ms': 0.037, 'sample_time_ms': 564.518, 'learner_load_time_ms': 25.437, 'put_weights_time_ms': 19.693, 'learner_grad_time_ms': 27.262}, 'num_weight_syncs': 1362, 'num_steps_trained': 339000, 'num_steps_sampled': 340500, 'num_steps_replayed': 0}",0,,nan,bd000271f8194582a49a82e05d6a5cb0,nan,{}
3,3229,2018-11-10_00-18-33,617250,False,412,ip-172-30-5-248,10.761267900466919,32.44481182098389,"{'grad_clip': 40.0, 'replay_buffer_num_slots': 100, 'tf_session_args': {'allow_soft_placement': True, 'gpu_options': {'allow_growth': True}, 'inter_op_parallelism_threads': 1, 'device_count': {'CPU': 1}, 'intra_op_parallelism_threads': 1, 'log_device_placement': False}, 'synchronize_filters': True, 'opt_type': 'adam', 'num_gpus_per_worker': 0, 'sample_batch_size': 50, 'max_sample_requests_in_flight_per_worker': 1, 'lr_schedule': None, 'compress_observations': False, 'log_level': 'INFO', 'monitor': False, 'vtrace_clip_pg_rho_threshold': 1.0, 'decay': 0.99, 'multiagent': {'policy_mapping_fn': None, 'policy_graphs': {}, 'policies_to_train': None}, 'num_parallel_data_loaders': 4, 'num_cpus_per_worker': 1, 'env_config': {}, 'vtrace': True, 'entropy_coeff': -0.01, 'env': 'PongNoFrameskip-v4', 'lr': 0.0005, 'momentum': 0.0, 'sample_async': False, 'preprocessor_pref': 'deepmind', 'clip_rewards': None, 'optimizer': {'grad_clip': 40.0, 'num_envs_per_worker': 5, 'num_gpus': 2, 'replay_buffer_num_slots': 100, 'num_parallel_data_loaders': 4, 'sample_batch_size': 50, 'lr': 0.0005, 'replay_proportion': 0.0, 'max_sample_requests_in_flight_per_worker': 1, 'train_batch_size': 1000}, 'num_workers': 128, 'epsilon': 0.1, 'collect_metrics_timeout': 180, 'callbacks': {'on_episode_step': None, 'on_sample_end': None, 'on_episode_start': None, 'on_episode_end': None}, 'replay_proportion': 0.0, 'train_batch_size': 1000, 'batch_mode': 'truncate_episodes', 'vf_loss_coeff': 0.5, 'num_envs_per_worker': 5, 'num_gpus': 2, 'min_iter_time_s': 10, 'vtrace_clip_rho_threshold': 1.0, 'observation_filter': 'NoFilter', 'gpu_fraction': 1, 'horizon': None, 'model': {'custom_preprocessor': None, 'fcnet_activation': 'tanh', 'framestack': True, 'squash_to_range': False, 'use_lstm': False, 'free_log_std': False, 'grayscale': False, 'channel_major': False, 'custom_model': None, 'max_seq_len': 20, 'lstm_use_prev_action_reward': False, 'fcnet_hiddens': [256, 256], 'dim': 42, 'custom_options': {}, 'conv_filters': None, 'lstm_cell_size': 256, 'conv_activation': 'relu', 'zero_mean': True}, 'gamma': 0.99}",32.44481182098389,3,172.30.5.248,1541809113,-20.59223300970874,-21.0,{},617250,276750,"{'sample_throughput': 27569.39, 'train_throughput': 27857.572, 'learner': {'grad_gnorm': 39.999996185302734, 'vf_explained_var': 0.6663464903831482, 'var_gnorm': 11.182058334350586, 'entropy': 839.3375244140625, 'cur_lr': 0.0005000000237487257, 'policy_loss': 70.9429702758789, 'vf_loss': 19.05110740661621}, 'learner_queue': {'size_count': 617, 'size_quantiles': [0.0, 0.0, 0.0, 0.0, 0.0], 'size_mean': 0.0, 'size_std': 0.0}, 'timing_breakdown': {'sample_processing_time_ms': 520.341, 'learner_dequeue_time_ms': 548.647, 'learner_load_wait_time_ms': 10.001, 'train_time_ms': 520.505, 'enqueue_time_ms': 0.042, 'sample_time_ms': 520.505, 'learner_load_time_ms': 27.153, 'put_weights_time_ms': 21.28, 'learner_grad_time_ms': 25.295}, 'num_weight_syncs': 2469, 'num_steps_trained': 616000, 'num_steps_sampled': 617250, 'num_steps_replayed': 0}",0,412,3467.0582524271845,bd000271f8194582a49a82e05d6a5cb0,-19.0,{}
4,3229,2018-11-10_00-18-44,901750,False,100,ip-172-30-5-248,10.85742998123169,43.302241802215576,"{'grad_clip': 40.0, 'replay_buffer_num_slots': 100, 'tf_session_args': {'allow_soft_placement': True, 'gpu_options': {'allow_growth': True}, 'inter_op_parallelism_threads': 1, 'device_count': {'CPU': 1}, 'intra_op_parallelism_threads': 1, 'log_device_placement': False}, 'synchronize_filters': True, 'opt_type': 'adam', 'num_gpus_per_worker': 0, 'sample_batch_size': 50, 'max_sample_requests_in_flight_per_worker': 1, 'lr_schedule': None, 'compress_observations': False, 'log_level': 'INFO', 'monitor': False, 'vtrace_clip_pg_rho_threshold': 1.0, 'decay': 0.99, 'multiagent': {'policy_mapping_fn': None, 'policy_graphs': {}, 'policies_to_train': None}, 'num_parallel_data_loaders': 4, 'num_cpus_per_worker': 1, 'env_config': {}, 'vtrace': True, 'entropy_coeff': -0.01, 'env': 'PongNoFrameskip-v4', 'lr': 0.0005, 'momentum': 0.0, 'sample_async': False, 'preprocessor_pref': 'deepmind', 'clip_rewards': None, 'optimizer': {'grad_clip': 40.0, 'num_envs_per_worker': 5, 'num_gpus': 2, 'replay_buffer_num_slots': 100, 'num_parallel_data_loaders': 4, 'sample_batch_size': 50, 'lr': 0.0005, 'replay_proportion': 0.0, 'max_sample_requests_in_flight_per_worker': 1, 'train_batch_size': 1000}, 'num_workers': 128, 'epsilon': 0.1, 'collect_metrics_timeout': 180, 'callbacks': {'on_episode_step': None, 'on_sample_end': None, 'on_episode_start': None, 'on_episode_end': None}, 'replay_proportion': 0.0, 'train_batch_size': 1000, 'batch_mode': 'truncate_episodes', 'vf_loss_coeff': 0.5, 'num_envs_per_worker': 5, 'num_gpus': 2, 'min_iter_time_s': 10, 'vtrace_clip_rho_threshold': 1.0, 'observation_filter': 'NoFilter', 'gpu_fraction': 1, 'horizon': None, 'model': {'custom_preprocessor': None, 'fcnet_activation': 'tanh', 'framestack': True, 'squash_to_range': False, 'use_lstm': False, 'free_log_std': False, 'grayscale': False, 'channel_major': False, 'custom_model': None, 'max_seq_len': 20, 'lstm_use_prev_action_reward': False, 'fcnet_hiddens': [256, 256], 'dim': 42, 'custom_options': {}, 'conv_filters': None, 'lstm_cell_size': 256, 'conv_activation': 'relu', 'zero_mean': True}, 'gamma': 0.99}",43.302241802215576,4,172.30.5.248,1541809124,-20.1,-21.0,{},901750,284500,"{'sample_throughput': 28164.525, 'train_throughput': 27930.211, 'learner': {'grad_gnorm': 40.00000762939453, 'vf_explained_var': 0.8852826952934265, 'var_gnorm': 11.70223331451416, 'entropy': 849.2744750976562, 'cur_lr': 0.0005000000237487257, 'policy_loss': -20.59812355041504, 'vf_loss': 3.157081127166748}, 'learner_queue': {'size_count': 901, 'size_quantiles': [0.0, 0.0, 0.0, 0.0, 0.0], 'size_mean': 0.0, 'size_std': 0.0}, 'timing_breakdown': {'sample_processing_time_ms': 533.2, 'learner_dequeue_time_ms': 542.165, 'learner_load_wait_time_ms': 5.537, 'train_time_ms': 533.473, 'enqueue_time_ms': 0.056, 'sample_time_ms': 533.473, 'learner_load_time_ms': 27.05, 'put_weights_time_ms': 20.06, 'learner_grad_time_ms': 24.776}, 'num_weight_syncs': 3607, 'num_steps_trained': 899000, 'num_steps_sampled': 901750, 'num_steps_replayed': 0}",0,512,3841.29,bd000271f8194582a49a82e05d6a5cb0,-19.0,{}
5,3229,2018-11-10_00-18-55,1186250,False,247,ip-172-30-5-248,10.758865118026733,54.06110692024231,"{'grad_clip': 40.0, 'replay_buffer_num_slots': 100, 'tf_session_args': {'allow_soft_placement': True, 'gpu_options': {'allow_growth': True}, 'inter_op_parallelism_threads': 1, 'device_count': {'CPU': 1}, 'intra_op_parallelism_threads': 1, 'log_device_placement': False}, 'synchronize_filters': True, 'opt_type': 'adam', 'num_gpus_per_worker': 0, 'sample_batch_size': 50, 'max_sample_requests_in_flight_per_worker': 1, 'lr_schedule': None, 'compress_observations': False, 'log_level': 'INFO', 'monitor': False, 'vtrace_clip_pg_rho_threshold': 1.0, 'decay': 0.99, 'multiagent': {'policy_mapping_fn': None, 'policy_graphs': {}, 'policies_to_train': None}, 'num_parallel_data_loaders': 4, 'num_cpus_per_worker': 1, 'env_config': {}, 'vtrace': True, 'entropy_coeff': -0.01, 'env': 'PongNoFrameskip-v4', 'lr': 0.0005, 'momentum': 0.0, 'sample_async': False, 'preprocessor_pref': 'deepmind', 'clip_rewards': None, 'optimizer': {'grad_clip': 40.0, 'num_envs_per_worker': 5, 'num_gpus': 2, 'replay_buffer_num_slots': 100, 'num_parallel_data_loaders': 4, 'sample_batch_size': 50, 'lr': 0.0005, 'replay_proportion': 0.0, 'max_sample_requests_in_flight_per_worker': 1, 'train_batch_size': 1000}, 'num_workers': 128, 'epsilon': 0.1, 'collect_metrics_timeout': 180, 'callbacks': {'on_episode_step': None, 'on_sample_end': None, 'on_episode_start': None, 'on_episode_end': None}, 'replay_proportion': 0.0, 'train_batch_size': 1000, 'batch_mode': 'truncate_episodes', 'vf_loss_coeff': 0.5, 'num_envs_per_worker': 5, 'num_gpus': 2, 'min_iter_time_s': 10, 'vtrace_clip_rho_threshold': 1.0, 'observation_filter': 'NoFilter', 'gpu_fraction': 1, 'horizon': None, 'model': {'custom_preprocessor': None, 'fcnet_activation': 'tanh', 'framestack': True, 'squash_to_range': False, 'use_lstm': False, 'free_log_std': False, 'grayscale': False, 'channel_major': False, 'custom_model': None, 'max_seq_len': 20, 'lstm_use_prev_action_reward': False, 'fcnet_hiddens': [256, 256], 'dim': 42, 'custom_options': {}, 'conv_filters': None, 'lstm_cell_size': 256, 'conv_activation': 'relu', 'zero_mean': True}, 'gamma': 0.99}",54.06110692024231,5,172.30.5.248,1541809135,-20.040485829959515,-21.0,{},1186250,284500,"{'sample_throughput': 28030.096, 'train_throughput': 28430.526, 'learner': {'grad_gnorm': 40.0, 'vf_explained_var': 0.7365081310272217, 'var_gnorm': 12.782889366149902, 'entropy': 843.484619140625, 'cur_lr': 0.0005000000237487257, 'policy_loss': 33.114410400390625, 'vf_loss': 8.977497100830078}, 'learner_queue': {'size_count': 1186, 'size_quantiles': [0.0, 0.0, 0.0, 0.0, 0.0], 'size_mean': 0.0, 'size_std': 0.0}, 'timing_breakdown': {'sample_processing_time_ms': 499.189, 'learner_dequeue_time_ms': 537.482, 'learner_load_wait_time_ms': 9.439, 'train_time_ms': 499.463, 'enqueue_time_ms': 0.045, 'sample_time_ms': 499.463, 'learner_load_time_ms': 28.02, 'put_weights_time_ms': 21.511, 'learner_grad_time_ms': 24.905}, 'num_weight_syncs': 4745, 'num_steps_trained': 1186000, 'num_steps_sampled': 1186250, 'num_steps_replayed': 0}",0,759,3887.251012145749,bd000271f8194582a49a82e05d6a5cb0,-17.0,{}
6,3229,2018-11-10_00-19-05,1473000,False,339,ip-172-30-5-248,10.600841045379639,64.66194796562195,"{'grad_clip': 40.0, 'replay_buffer_num_slots': 100, 'tf_session_args': {'allow_soft_placement': True, 'gpu_options': {'allow_growth': True}, 'inter_op_parallelism_threads': 1, 'device_count': {'CPU': 1}, 'intra_op_parallelism_threads': 1, 'log_device_placement': False}, 'synchronize_filters': True, 'opt_type': 'adam', 'num_gpus_per_worker': 0, 'sample_batch_size': 50, 'max_sample_requests_in_flight_per_worker': 1, 'lr_schedule': None, 'compress_observations': False, 'log_level': 'INFO', 'monitor': False, 'vtrace_clip_pg_rho_threshold': 1.0, 'decay': 0.99, 'multiagent': {'policy_mapping_fn': None, 'policy_graphs': {}, 'policies_to_train': None}, 'num_parallel_data_loaders': 4, 'num_cpus_per_worker': 1, 'env_config': {}, 'vtrace': True, 'entropy_coeff': -0.01, 'env': 'PongNoFrameskip-v4', 'lr': 0.0005, 'momentum': 0.0, 'sample_async': False, 'preprocessor_pref': 'deepmind', 'clip_rewards': None, 'optimizer': {'grad_clip': 40.0, 'num_envs_per_worker': 5, 'num_gpus': 2, 'replay_buffer_num_slots': 100, 'num_parallel_data_loaders': 4, 'sample_batch_size': 50, 'lr': 0.0005, 'replay_proportion': 0.0, 'max_sample_requests_in_flight_per_worker': 1, 'train_batch_size': 1000}, 'num_workers': 128, 'epsilon': 0.1, 'collect_metrics_timeout': 180, 'callbacks': {'on_episode_step': None, 'on_sample_end': None, 'on_episode_start': None, 'on_episode_end': None}, 'replay_proportion': 0.0, 'train_batch_size': 1000, 'batch_mode': 'truncate_episodes', 'vf_loss_coeff': 0.5, 'num_envs_per_worker': 5, 'num_gpus': 2, 'min_iter_time_s': 10, 'vtrace_clip_rho_threshold': 1.0, 'observation_filter': 'NoFilter', 'gpu_fraction': 1, 'horizon': None, 'model': {'custom_preprocessor': None, 'fcnet_activation': 'tanh', 'framestack': True, 'squash_to_range': False, 'use_lstm': False, 'free_log_std': False, 'grayscale': False, 'channel_major': False, 'custom_model': None, 'max_seq_len': 20, 'lstm_use_prev_action_reward': False, 'fcnet_hiddens': [256, 256], 'dim': 42, 'custom_options': {}, 'conv_filters': None, 'lstm_cell_size': 256, 'conv_activation': 'relu', 'zero_mean': True}, 'gamma': 0.99}",64.66194796562195,6,172.30.5.248,1541809145,-19.710914454277287,-21.0,{},1473000,286750,"{'sample_throughput': 28874.967, 'train_throughput': 29085.734, 'learner': {'grad_gnorm': 39.999996185302734, 'vf_explained_var': 0.6259848475456238, 'var_gnorm': 13.770395278930664, 'entropy': 813.6311645507812, 'cur_lr': 0.0005000000237487257, 'policy_loss': 8.12106704711914, 'vf_loss': 7.504881858825684}, 'learner_queue': {'size_count': 1473, 'size_quantiles': [0.0, 0.0, 0.0, 0.0, 1.0], 'size_mean': 0.04, 'size_std': 0.19595917942265426}, 'timing_breakdown': {'sample_processing_time_ms': 471.509, 'learner_dequeue_time_ms': 475.789, 'learner_load_wait_time_ms': 5.422, 'train_time_ms': 474.459, 'enqueue_time_ms': 0.32, 'sample_time_ms': 474.459, 'learner_load_time_ms': 28.159, 'put_weights_time_ms': 18.22, 'learner_grad_time_ms': 25.259}, 'num_weight_syncs': 5892, 'num_steps_trained': 1472000, 'num_steps_sampled': 1473000, 'num_steps_replayed': 0}",0,1098,4275.3185840707965,bd000271f8194582a49a82e05d6a5cb0,-16.0,{}
7,3229,2018-11-10_00-19-16,1767750,False,55,ip-172-30-5-248,10.921000003814697,75.58294796943665,"{'grad_clip': 40.0, 'replay_buffer_num_slots': 100, 'tf_session_args': {'allow_soft_placement': True, 'gpu_options': {'allow_growth': True}, 'inter_op_parallelism_threads': 1, 'device_count': {'CPU': 1}, 'intra_op_parallelism_threads': 1, 'log_device_placement': False}, 'synchronize_filters': True, 'opt_type': 'adam', 'num_gpus_per_worker': 0, 'sample_batch_size': 50, 'max_sample_requests_in_flight_per_worker': 1, 'lr_schedule': None, 'compress_observations': False, 'log_level': 'INFO', 'monitor': False, 'vtrace_clip_pg_rho_threshold': 1.0, 'decay': 0.99, 'multiagent': {'policy_mapping_fn': None, 'policy_graphs': {}, 'policies_to_train': None}, 'num_parallel_data_loaders': 4, 'num_cpus_per_worker': 1, 'env_config': {}, 'vtrace': True, 'entropy_coeff': -0.01, 'env': 'PongNoFrameskip-v4', 'lr': 0.0005, 'momentum': 0.0, 'sample_async': False, 'preprocessor_pref': 'deepmind', 'clip_rewards': None, 'optimizer': {'grad_clip': 40.0, 'num_envs_per_worker': 5, 'num_gpus': 2, 'replay_buffer_num_slots': 100, 'num_parallel_data_loaders': 4, 'sample_batch_size': 50, 'lr': 0.0005, 'replay_proportion': 0.0, 'max_sample_requests_in_flight_per_worker': 1, 'train_batch_size': 1000}, 'num_workers': 128, 'epsilon': 0.1, 'collect_metrics_timeout': 180, 'callbacks': {'on_episode_step': None, 'on_sample_end': None, 'on_episode_start': None, 'on_episode_end': None}, 'replay_proportion': 0.0, 'train_batch_size': 1000, 'batch_mode': 'truncate_episodes', 'vf_loss_coeff': 0.5, 'num_envs_per_worker': 5, 'num_gpus': 2, 'min_iter_time_s': 10, 'vtrace_clip_rho_threshold': 1.0, 'observation_filter': 'NoFilter', 'gpu_fraction': 1, 'horizon': None, 'model': {'custom_preprocessor': None, 'fcnet_activation': 'tanh', 'framestack': True, 'squash_to_range': False, 'use_lstm': False, 'free_log_std': False, 'grayscale': False, 'channel_major': False, 'custom_model': None, 'max_seq_len': 20, 'lstm_use_prev_action_reward': False, 'fcnet_hiddens': [256, 256], 'dim': 42, 'custom_options': {}, 'conv_filters': None, 'lstm_cell_size': 256, 'conv_activation': 'relu', 'zero_mean': True}, 'gamma': 0.99}",75.58294796943665,7,172.30.5.248,1541809156,-19.3,-21.0,{},1767750,294750,"{'sample_throughput': 28565.81, 'train_throughput': 28262.993, 'learner': {'grad_gnorm': 40.00000762939453, 'vf_explained_var': 0.8218224048614502, 'var_gnorm': 15.18183422088623, 'entropy': 766.914794921875, 'cur_lr': 0.0005000000237487257, 'policy_loss': -10.792730331420898, 'vf_loss': 6.773916721343994}, 'learner_queue': {'size_count': 1767, 'size_quantiles': [0.0, 0.0, 0.0, 0.0, 0.0], 'size_mean': 0.0, 'size_std': 0.0}, 'timing_breakdown': {'sample_processing_time_ms': 493.759, 'learner_dequeue_time_ms': 534.688, 'learner_load_wait_time_ms': 8.395, 'train_time_ms': 495.347, 'enqueue_time_ms': 0.049, 'sample_time_ms': 495.347, 'learner_load_time_ms': 29.635, 'put_weights_time_ms': 17.551, 'learner_grad_time_ms': 24.362}, 'num_weight_syncs': 7071, 'num_steps_trained': 1765000, 'num_steps_sampled': 1767750, 'num_steps_replayed': 0}",0,1153,4635.51,bd000271f8194582a49a82e05d6a5cb0,-16.0,{}
8,3229,2018-11-10_00-19-27,2061250,False,44,ip-172-30-5-248,10.710628032684326,86.29357600212097,"{'grad_clip': 40.0, 'replay_buffer_num_slots': 100, 'tf_session_args': {'allow_soft_placement': True, 'gpu_options': {'allow_growth': True}, 'inter_op_parallelism_threads': 1, 'device_count': {'CPU': 1}, 'intra_op_parallelism_threads': 1, 'log_device_placement': False}, 'synchronize_filters': True, 'opt_type': 'adam', 'num_gpus_per_worker': 0, 'sample_batch_size': 50, 'max_sample_requests_in_flight_per_worker': 1, 'lr_schedule': None, 'compress_observations': False, 'log_level': 'INFO', 'monitor': False, 'vtrace_clip_pg_rho_threshold': 1.0, 'decay': 0.99, 'multiagent': {'policy_mapping_fn': None, 'policy_graphs': {}, 'policies_to_train': None}, 'num_parallel_data_loaders': 4, 'num_cpus_per_worker': 1, 'env_config': {}, 'vtrace': True, 'entropy_coeff': -0.01, 'env': 'PongNoFrameskip-v4', 'lr': 0.0005, 'momentum': 0.0, 'sample_async': False, 'preprocessor_pref': 'deepmind', 'clip_rewards': None, 'optimizer': {'grad_clip': 40.0, 'num_envs_per_worker': 5, 'num_gpus': 2, 'replay_buffer_num_slots': 100, 'num_parallel_data_loaders': 4, 'sample_batch_size': 50, 'lr': 0.0005, 'replay_proportion': 0.0, 'max_sample_requests_in_flight_per_worker': 1, 'train_batch_size': 1000}, 'num_workers': 128, 'epsilon': 0.1, 'collect_metrics_timeout': 180, 'callbacks': {'on_episode_step': None, 'on_sample_end': None, 'on_episode_start': None, 'on_episode_end': None}, 'replay_proportion': 0.0, 'train_batch_size': 1000, 'batch_mode': 'truncate_episodes', 'vf_loss_coeff': 0.5, 'num_envs_per_worker': 5, 'num_gpus': 2, 'min_iter_time_s': 10, 'vtrace_clip_rho_threshold': 1.0, 'observation_filter': 'NoFilter', 'gpu_fraction': 1, 'horizon': None, 'model': {'custom_preprocessor': None, 'fcnet_activation': 'tanh', 'framestack': True, 'squash_to_range': False, 'use_lstm': False, 'free_log_std': False, 'grayscale': False, 'channel_major': False, 'custom_model': None, 'max_seq_len': 20, 'lstm_use_prev_action_reward': False, 'fcnet_hiddens': [256, 256], 'dim': 42, 'custom_options': {}, 'conv_filters': None, 'lstm_cell_size': 256, 'conv_activation': 'relu', 'zero_mean': True}, 'gamma': 0.99}",86.29357600212097,8,172.30.5.248,1541809167,-18.62,-21.0,{},2061250,293500,"{'sample_throughput': 28936.764, 'train_throughput': 28885.549, 'learner': {'grad_gnorm': 39.999996185302734, 'vf_explained_var': 0.7142096161842346, 'var_gnorm': 16.706085205078125, 'entropy': 777.1390991210938, 'cur_lr': 0.0005000000237487257, 'policy_loss': -34.15690612792969, 'vf_loss': 9.431028366088867}, 'learner_queue': {'size_count': 2061, 'size_quantiles': [0.0, 0.0, 0.0, 0.0, 1.0], 'size_mean': 0.02, 'size_std': 0.13999999999999999}, 'timing_breakdown': {'sample_processing_time_ms': 487.742, 'learner_dequeue_time_ms': 522.536, 'learner_load_wait_time_ms': 7.369, 'train_time_ms': 488.133, 'enqueue_time_ms': 0.039, 'sample_time_ms': 488.133, 'learner_load_time_ms': 28.407, 'put_weights_time_ms': 19.557, 'learner_grad_time_ms': 24.044}, 'num_weight_syncs': 8245, 'num_steps_trained': 2059000, 'num_steps_sampled': 2061250, 'num_steps_replayed': 0}",0,1197,5017.54,bd000271f8194582a49a82e05d6a5cb0,-16.0,{}
9,3229,2018-11-10_00-19-38,2360500,False,140,ip-172-30-5-248,10.913737058639526,97.2073130607605,"{'grad_clip': 40.0, 'replay_buffer_num_slots': 100, 'tf_session_args': {'allow_soft_placement': True, 'gpu_options': {'allow_growth': True}, 'inter_op_parallelism_threads': 1, 'device_count': {'CPU': 1}, 'intra_op_parallelism_threads': 1, 'log_device_placement': False}, 'synchronize_filters': True, 'opt_type': 'adam', 'num_gpus_per_worker': 0, 'sample_batch_size': 50, 'max_sample_requests_in_flight_per_worker': 1, 'lr_schedule': None, 'compress_observations': False, 'log_level': 'INFO', 'monitor': False, 'vtrace_clip_pg_rho_threshold': 1.0, 'decay': 0.99, 'multiagent': {'policy_mapping_fn': None, 'policy_graphs': {}, 'policies_to_train': None}, 'num_parallel_data_loaders': 4, 'num_cpus_per_worker': 1, 'env_config': {}, 'vtrace': True, 'entropy_coeff': -0.01, 'env': 'PongNoFrameskip-v4', 'lr': 0.0005, 'momentum': 0.0, 'sample_async': False, 'preprocessor_pref': 'deepmind', 'clip_rewards': None, 'optimizer': {'grad_clip': 40.0, 'num_envs_per_worker': 5, 'num_gpus': 2, 'replay_buffer_num_slots': 100, 'num_parallel_data_loaders': 4, 'sample_batch_size': 50, 'lr': 0.0005, 'replay_proportion': 0.0, 'max_sample_requests_in_flight_per_worker': 1, 'train_batch_size': 1000}, 'num_workers': 128, 'epsilon': 0.1, 'collect_metrics_timeout': 180, 'callbacks': {'on_episode_step': None, 'on_sample_end': None, 'on_episode_start': None, 'on_episode_end': None}, 'replay_proportion': 0.0, 'train_batch_size': 1000, 'batch_mode': 'truncate_episodes', 'vf_loss_coeff': 0.5, 'num_envs_per_worker': 5, 'num_gpus': 2, 'min_iter_time_s': 10, 'vtrace_clip_rho_threshold': 1.0, 'observation_filter': 'NoFilter', 'gpu_fraction': 1, 'horizon': None, 'model': {'custom_preprocessor': None, 'fcnet_activation': 'tanh', 'framestack': True, 'squash_to_range': False, 'use_lstm': False, 'free_log_std': False, 'grayscale': False, 'channel_major': False, 'custom_model': None, 'max_seq_len': 20, 'lstm_use_prev_action_reward': False, 'fcnet_hiddens': [256, 256], 'dim': 42, 'custom_options': {}, 'conv_filters': None, 'lstm_cell_size': 256, 'conv_activation': 'relu', 'zero_mean': True}, 'gamma': 0.99}",97.2073130607605,9,172.30.5.248,1541809178,-16.67142857142857,-21.0,{},2360500,299250,"{'sample_throughput': 29484.774, 'train_throughput': 29651.985, 'learner': {'grad_gnorm': 40.0, 'vf_explained_var': 0.8648465871810913, 'var_gnorm': 18.22348403930664, 'entropy': 773.0031127929688, 'cur_lr': 0.0005000000237487257, 'policy_loss': 19.416881561279297, 'vf_loss': 8.368550300598145}, 'learner_queue': {'size_count': 2360, 'size_quantiles': [0.0, 0.0, 0.0, 0.0, 0.0], 'size_mean': 0.0, 'size_std': 0.0}, 'timing_breakdown': {'sample_processing_time_ms': 448.241, 'learner_dequeue_time_ms': 518.709, 'learner_load_wait_time_ms': 12.186, 'train_time_ms': 448.537, 'enqueue_time_ms': 0.067, 'sample_time_ms': 448.537, 'learner_load_time_ms': 27.079, 'put_weights_time_ms': 18.968, 'learner_grad_time_ms': 24.409}, 'num_weight_syncs': 9442, 'num_steps_trained': 2359000, 'num_steps_sampled': 2360500, 'num_steps_replayed': 0}",0,1337,5889.55,bd000271f8194582a49a82e05d6a5cb0,-11.0,{}
10,3229,2018-11-10_00-19-49,2660250,False,167,ip-172-30-5-248,11.03717303276062,108.24448609352112,"{'grad_clip': 40.0, 'replay_buffer_num_slots': 100, 'tf_session_args': {'allow_soft_placement': True, 'gpu_options': {'allow_growth': True}, 'inter_op_parallelism_threads': 1, 'device_count': {'CPU': 1}, 'intra_op_parallelism_threads': 1, 'log_device_placement': False}, 'synchronize_filters': True, 'opt_type': 'adam', 'num_gpus_per_worker': 0, 'sample_batch_size': 50, 'max_sample_requests_in_flight_per_worker': 1, 'lr_schedule': None, 'compress_observations': False, 'log_level': 'INFO', 'monitor': False, 'vtrace_clip_pg_rho_threshold': 1.0, 'decay': 0.99, 'multiagent': {'policy_mapping_fn': None, 'policy_graphs': {}, 'policies_to_train': None}, 'num_parallel_data_loaders': 4, 'num_cpus_per_worker': 1, 'env_config': {}, 'vtrace': True, 'entropy_coeff': -0.01, 'env': 'PongNoFrameskip-v4', 'lr': 0.0005, 'momentum': 0.0, 'sample_async': False, 'preprocessor_pref': 'deepmind', 'clip_rewards': None, 'optimizer': {'grad_clip': 40.0, 'num_envs_per_worker': 5, 'num_gpus': 2, 'replay_buffer_num_slots': 100, 'num_parallel_data_loaders': 4, 'sample_batch_size': 50, 'lr': 0.0005, 'replay_proportion': 0.0, 'max_sample_requests_in_flight_per_worker': 1, 'train_batch_size': 1000}, 'num_workers': 128, 'epsilon': 0.1, 'collect_metrics_timeout': 180, 'callbacks': {'on_episode_step': None, 'on_sample_end': None, 'on_episode_start': None, 'on_episode_end': None}, 'replay_proportion': 0.0, 'train_batch_size': 1000, 'batch_mode': 'truncate_episodes', 'vf_loss_coeff': 0.5, 'num_envs_per_worker': 5, 'num_gpus': 2, 'min_iter_time_s': 10, 'vtrace_clip_rho_threshold': 1.0, 'observation_filter': 'NoFilter', 'gpu_fraction': 1, 'horizon': None, 'model': {'custom_preprocessor': None, 'fcnet_activation': 'tanh', 'framestack': True, 'squash_to_range': False, 'use_lstm': False, 'free_log_std': False, 'grayscale': False, 'channel_major': False, 'custom_model': None, 'max_seq_len': 20, 'lstm_use_prev_action_reward': False, 'fcnet_hiddens': [256, 256], 'dim': 42, 'custom_options': {}, 'conv_filters': None, 'lstm_cell_size': 256, 'conv_activation': 'relu', 'zero_mean': True}, 'gamma': 0.99}",108.24448609352112,10,172.30.5.248,1541809189,-13.48502994011976,-21.0,{},2660250,299750,"{'sample_throughput': 29231.989, 'train_throughput': 29442.291, 'learner': {'grad_gnorm': 40.000003814697266, 'vf_explained_var': 0.7268599271774292, 'var_gnorm': 19.549068450927734, 'entropy': 753.2313842773438, 'cur_lr': 0.0005000000237487257, 'policy_loss': 12.069665908813477, 'vf_loss': 11.31762981414795}, 'learner_queue': {'size_count': 2660, 'size_quantiles': [0.0, 0.0, 0.0, 0.0, 0.0], 'size_mean': 0.0, 'size_std': 0.0}, 'timing_breakdown': {'sample_processing_time_ms': 472.459, 'learner_dequeue_time_ms': 516.603, 'learner_load_wait_time_ms': 9.175, 'train_time_ms': 475.506, 'enqueue_time_ms': 0.035, 'sample_time_ms': 475.506, 'learner_load_time_ms': 28.394, 'put_weights_time_ms': 15.157, 'learner_grad_time_ms': 21.996}, 'num_weight_syncs': 10641, 'num_steps_trained': 2658000, 'num_steps_sampled': 2660250, 'num_steps_replayed': 0}",0,1504,7079.916167664671,bd000271f8194582a49a82e05d6a5cb0,-5.0,{}
11,3229,2018-11-10_00-20-00,2949750,False,80,ip-172-30-5-248,10.772677898406982,119.0171639919281,"{'grad_clip': 40.0, 'replay_buffer_num_slots': 100, 'tf_session_args': {'allow_soft_placement': True, 'gpu_options': {'allow_growth': True}, 'inter_op_parallelism_threads': 1, 'device_count': {'CPU': 1}, 'intra_op_parallelism_threads': 1, 'log_device_placement': False}, 'synchronize_filters': True, 'opt_type': 'adam', 'num_gpus_per_worker': 0, 'sample_batch_size': 50, 'max_sample_requests_in_flight_per_worker': 1, 'lr_schedule': None, 'compress_observations': False, 'log_level': 'INFO', 'monitor': False, 'vtrace_clip_pg_rho_threshold': 1.0, 'decay': 0.99, 'multiagent': {'policy_mapping_fn': None, 'policy_graphs': {}, 'policies_to_train': None}, 'num_parallel_data_loaders': 4, 'num_cpus_per_worker': 1, 'env_config': {}, 'vtrace': True, 'entropy_coeff': -0.01, 'env': 'PongNoFrameskip-v4', 'lr': 0.0005, 'momentum': 0.0, 'sample_async': False, 'preprocessor_pref': 'deepmind', 'clip_rewards': None, 'optimizer': {'grad_clip': 40.0, 'num_envs_per_worker': 5, 'num_gpus': 2, 'replay_buffer_num_slots': 100, 'num_parallel_data_loaders': 4, 'sample_batch_size': 50, 'lr': 0.0005, 'replay_proportion': 0.0, 'max_sample_requests_in_flight_per_worker': 1, 'train_batch_size': 1000}, 'num_workers': 128, 'epsilon': 0.1, 'collect_metrics_timeout': 180, 'callbacks': {'on_episode_step': None, 'on_sample_end': None, 'on_episode_start': None, 'on_episode_end': None}, 'replay_proportion': 0.0, 'train_batch_size': 1000, 'batch_mode': 'truncate_episodes', 'vf_loss_coeff': 0.5, 'num_envs_per_worker': 5, 'num_gpus': 2, 'min_iter_time_s': 10, 'vtrace_clip_rho_threshold': 1.0, 'observation_filter': 'NoFilter', 'gpu_fraction': 1, 'horizon': None, 'model': {'custom_preprocessor': None, 'fcnet_activation': 'tanh', 'framestack': True, 'squash_to_range': False, 'use_lstm': False, 'free_log_std': False, 'grayscale': False, 'channel_major': False, 'custom_model': None, 'max_seq_len': 20, 'lstm_use_prev_action_reward': False, 'fcnet_hiddens': [256, 256], 'dim': 42, 'custom_options': {}, 'conv_filters': None, 'lstm_cell_size': 256, 'conv_activation': 'relu', 'zero_mean': True}, 'gamma': 0.99}",119.0171639919281,11,172.30.5.248,1541809200,-11.23,-20.0,{},2949750,289500,"{'sample_throughput': 28775.196, 'train_throughput': 28983.712, 'learner': {'grad_gnorm': 39.999996185302734, 'vf_explained_var': 0.9307141900062561, 'var_gnorm': 20.35333251953125, 'entropy': 755.6028442382812, 'cur_lr': 0.0005000000237487257, 'policy_loss': -3.304743766784668, 'vf_loss': 4.2640228271484375}, 'learner_queue': {'size_count': 2949, 'size_quantiles': [0.0, 0.0, 0.0, 0.0, 1.0], 'size_mean': 0.02, 'size_std': 0.13999999999999999}, 'timing_breakdown': {'sample_processing_time_ms': 477.497, 'learner_dequeue_time_ms': 529.033, 'learner_load_wait_time_ms': 8.862, 'train_time_ms': 479.58, 'enqueue_time_ms': 0.05, 'sample_time_ms': 479.58, 'learner_load_time_ms': 24.157, 'put_weights_time_ms': 19.011, 'learner_grad_time_ms': 23.035}, 'num_weight_syncs': 11799, 'num_steps_trained': 2948000, 'num_steps_sampled': 2949750, 'num_steps_replayed': 0}",0,1584,7943.99,bd000271f8194582a49a82e05d6a5cb0,10.0,{}
12,3229,2018-11-10_00-20-11,3246250,False,164,ip-172-30-5-248,10.97147798538208,129.98864197731018,"{'grad_clip': 40.0, 'replay_buffer_num_slots': 100, 'tf_session_args': {'allow_soft_placement': True, 'gpu_options': {'allow_growth': True}, 'inter_op_parallelism_threads': 1, 'device_count': {'CPU': 1}, 'intra_op_parallelism_threads': 1, 'log_device_placement': False}, 'synchronize_filters': True, 'opt_type': 'adam', 'num_gpus_per_worker': 0, 'sample_batch_size': 50, 'max_sample_requests_in_flight_per_worker': 1, 'lr_schedule': None, 'compress_observations': False, 'log_level': 'INFO', 'monitor': False, 'vtrace_clip_pg_rho_threshold': 1.0, 'decay': 0.99, 'multiagent': {'policy_mapping_fn': None, 'policy_graphs': {}, 'policies_to_train': None}, 'num_parallel_data_loaders': 4, 'num_cpus_per_worker': 1, 'env_config': {}, 'vtrace': True, 'entropy_coeff': -0.01, 'env': 'PongNoFrameskip-v4', 'lr': 0.0005, 'momentum': 0.0, 'sample_async': False, 'preprocessor_pref': 'deepmind', 'clip_rewards': None, 'optimizer': {'grad_clip': 40.0, 'num_envs_per_worker': 5, 'num_gpus': 2, 'replay_buffer_num_slots': 100, 'num_parallel_data_loaders': 4, 'sample_batch_size': 50, 'lr': 0.0005, 'replay_proportion': 0.0, 'max_sample_requests_in_flight_per_worker': 1, 'train_batch_size': 1000}, 'num_workers': 128, 'epsilon': 0.1, 'collect_metrics_timeout': 180, 'callbacks': {'on_episode_step': None, 'on_sample_end': None, 'on_episode_start': None, 'on_episode_end': None}, 'replay_proportion': 0.0, 'train_batch_size': 1000, 'batch_mode': 'truncate_episodes', 'vf_loss_coeff': 0.5, 'num_envs_per_worker': 5, 'num_gpus': 2, 'min_iter_time_s': 10, 'vtrace_clip_rho_threshold': 1.0, 'observation_filter': 'NoFilter', 'gpu_fraction': 1, 'horizon': None, 'model': {'custom_preprocessor': None, 'fcnet_activation': 'tanh', 'framestack': True, 'squash_to_range': False, 'use_lstm': False, 'free_log_std': False, 'grayscale': False, 'channel_major': False, 'custom_model': None, 'max_seq_len': 20, 'lstm_use_prev_action_reward': False, 'fcnet_hiddens': [256, 256], 'dim': 42, 'custom_options': {}, 'conv_filters': None, 'lstm_cell_size': 256, 'conv_activation': 'relu', 'zero_mean': True}, 'gamma': 0.99}",129.98864197731018,12,172.30.5.248,1541809211,-4.310975609756097,-18.0,{},3246250,296500,"{'sample_throughput': 28675.718, 'train_throughput': 28675.718, 'learner': {'grad_gnorm': 40.0, 'vf_explained_var': 0.9462810158729553, 'var_gnorm': 20.892513275146484, 'entropy': 790.6092529296875, 'cur_lr': 0.0005000000237487257, 'policy_loss': -17.9993896484375, 'vf_loss': 3.2146859169006348}, 'learner_queue': {'size_count': 3246, 'size_quantiles': [0.0, 0.0, 0.0, 0.0, 0.0], 'size_mean': 0.0, 'size_std': 0.0}, 'timing_breakdown': {'sample_processing_time_ms': 495.068, 'learner_dequeue_time_ms': 527.02, 'learner_load_wait_time_ms': 8.936, 'train_time_ms': 495.192, 'enqueue_time_ms': 0.039, 'sample_time_ms': 495.192, 'learner_load_time_ms': 34.283, 'put_weights_time_ms': 18.365, 'learner_grad_time_ms': 24.479}, 'num_weight_syncs': 12985, 'num_steps_trained': 3243000, 'num_steps_sampled': 3246250, 'num_steps_replayed': 0}",0,1748,9466.689024390244,bd000271f8194582a49a82e05d6a5cb0,10.0,{}
13,3229,2018-11-10_00-20-22,3538500,False,147,ip-172-30-5-248,10.774803876876831,140.763445854187,"{'grad_clip': 40.0, 'replay_buffer_num_slots': 100, 'tf_session_args': {'allow_soft_placement': True, 'gpu_options': {'allow_growth': True}, 'inter_op_parallelism_threads': 1, 'device_count': {'CPU': 1}, 'intra_op_parallelism_threads': 1, 'log_device_placement': False}, 'synchronize_filters': True, 'opt_type': 'adam', 'num_gpus_per_worker': 0, 'sample_batch_size': 50, 'max_sample_requests_in_flight_per_worker': 1, 'lr_schedule': None, 'compress_observations': False, 'log_level': 'INFO', 'monitor': False, 'vtrace_clip_pg_rho_threshold': 1.0, 'decay': 0.99, 'multiagent': {'policy_mapping_fn': None, 'policy_graphs': {}, 'policies_to_train': None}, 'num_parallel_data_loaders': 4, 'num_cpus_per_worker': 1, 'env_config': {}, 'vtrace': True, 'entropy_coeff': -0.01, 'env': 'PongNoFrameskip-v4', 'lr': 0.0005, 'momentum': 0.0, 'sample_async': False, 'preprocessor_pref': 'deepmind', 'clip_rewards': None, 'optimizer': {'grad_clip': 40.0, 'num_envs_per_worker': 5, 'num_gpus': 2, 'replay_buffer_num_slots': 100, 'num_parallel_data_loaders': 4, 'sample_batch_size': 50, 'lr': 0.0005, 'replay_proportion': 0.0, 'max_sample_requests_in_flight_per_worker': 1, 'train_batch_size': 1000}, 'num_workers': 128, 'epsilon': 0.1, 'collect_metrics_timeout': 180, 'callbacks': {'on_episode_step': None, 'on_sample_end': None, 'on_episode_start': None, 'on_episode_end': None}, 'replay_proportion': 0.0, 'train_batch_size': 1000, 'batch_mode': 'truncate_episodes', 'vf_loss_coeff': 0.5, 'num_envs_per_worker': 5, 'num_gpus': 2, 'min_iter_time_s': 10, 'vtrace_clip_rho_threshold': 1.0, 'observation_filter': 'NoFilter', 'gpu_fraction': 1, 'horizon': None, 'model': {'custom_preprocessor': None, 'fcnet_activation': 'tanh', 'framestack': True, 'squash_to_range': False, 'use_lstm': False, 'free_log_std': False, 'grayscale': False, 'channel_major': False, 'custom_model': None, 'max_seq_len': 20, 'lstm_use_prev_action_reward': False, 'fcnet_hiddens': [256, 256], 'dim': 42, 'custom_options': {}, 'conv_filters': None, 'lstm_cell_size': 256, 'conv_activation': 'relu', 'zero_mean': True}, 'gamma': 0.99}",140.763445854187,13,172.30.5.248,1541809222,3.4761904761904763,-15.0,{},3538500,292250,"{'sample_throughput': 28601.119, 'train_throughput': 28601.119, 'learner': {'grad_gnorm': 40.0, 'vf_explained_var': 0.875769853591919, 'var_gnorm': 21.328237533569336, 'entropy': 771.7850341796875, 'cur_lr': 0.0005000000237487257, 'policy_loss': -32.600685119628906, 'vf_loss': 6.17587423324585}, 'learner_queue': {'size_count': 3538, 'size_quantiles': [0.0, 0.0, 0.0, 0.0, 0.0], 'size_mean': 0.0, 'size_std': 0.0}, 'timing_breakdown': {'sample_processing_time_ms': 487.734, 'learner_dequeue_time_ms': 530.644, 'learner_load_wait_time_ms': 9.837, 'train_time_ms': 489.491, 'enqueue_time_ms': 0.037, 'sample_time_ms': 489.491, 'learner_load_time_ms': 29.327, 'put_weights_time_ms': 20.647, 'learner_grad_time_ms': 24.931}, 'num_weight_syncs': 14154, 'num_steps_trained': 3537000, 'num_steps_sampled': 3538500, 'num_steps_replayed': 0}",0,1895,10230.299319727892,bd000271f8194582a49a82e05d6a5cb0,18.0,{}
14,3229,2018-11-10_00-20-33,3832750,False,245,ip-172-30-5-248,10.774758100509644,151.53820395469666,"{'grad_clip': 40.0, 'replay_buffer_num_slots': 100, 'tf_session_args': {'allow_soft_placement': True, 'gpu_options': {'allow_growth': True}, 'inter_op_parallelism_threads': 1, 'device_count': {'CPU': 1}, 'intra_op_parallelism_threads': 1, 'log_device_placement': False}, 'synchronize_filters': True, 'opt_type': 'adam', 'num_gpus_per_worker': 0, 'sample_batch_size': 50, 'max_sample_requests_in_flight_per_worker': 1, 'lr_schedule': None, 'compress_observations': False, 'log_level': 'INFO', 'monitor': False, 'vtrace_clip_pg_rho_threshold': 1.0, 'decay': 0.99, 'multiagent': {'policy_mapping_fn': None, 'policy_graphs': {}, 'policies_to_train': None}, 'num_parallel_data_loaders': 4, 'num_cpus_per_worker': 1, 'env_config': {}, 'vtrace': True, 'entropy_coeff': -0.01, 'env': 'PongNoFrameskip-v4', 'lr': 0.0005, 'momentum': 0.0, 'sample_async': False, 'preprocessor_pref': 'deepmind', 'clip_rewards': None, 'optimizer': {'grad_clip': 40.0, 'num_envs_per_worker': 5, 'num_gpus': 2, 'replay_buffer_num_slots': 100, 'num_parallel_data_loaders': 4, 'sample_batch_size': 50, 'lr': 0.0005, 'replay_proportion': 0.0, 'max_sample_requests_in_flight_per_worker': 1, 'train_batch_size': 1000}, 'num_workers': 128, 'epsilon': 0.1, 'collect_metrics_timeout': 180, 'callbacks': {'on_episode_step': None, 'on_sample_end': None, 'on_episode_start': None, 'on_episode_end': None}, 'replay_proportion': 0.0, 'train_batch_size': 1000, 'batch_mode': 'truncate_episodes', 'vf_loss_coeff': 0.5, 'num_envs_per_worker': 5, 'num_gpus': 2, 'min_iter_time_s': 10, 'vtrace_clip_rho_threshold': 1.0, 'observation_filter': 'NoFilter', 'gpu_fraction': 1, 'horizon': None, 'model': {'custom_preprocessor': None, 'fcnet_activation': 'tanh', 'framestack': True, 'squash_to_range': False, 'use_lstm': False, 'free_log_std': False, 'grayscale': False, 'channel_major': False, 'custom_model': None, 'max_seq_len': 20, 'lstm_use_prev_action_reward': False, 'fcnet_hiddens': [256, 256], 'dim': 42, 'custom_options': {}, 'conv_filters': None, 'lstm_cell_size': 256, 'conv_activation': 'relu', 'zero_mean': True}, 'gamma': 0.99}",151.53820395469666,14,172.30.5.248,1541809233,12.43265306122449,-9.0,{},3832750,294250,"{'sample_throughput': 29419.426, 'train_throughput': 29473.209, 'learner': {'grad_gnorm': 40.000003814697266, 'vf_explained_var': 0.9779941439628601, 'var_gnorm': 21.73591423034668, 'entropy': 815.4540405273438, 'cur_lr': 0.0005000000237487257, 'policy_loss': 9.250422477722168, 'vf_loss': 1.9159570932388306}, 'learner_queue': {'size_count': 3832, 'size_quantiles': [0.0, 0.0, 0.0, 0.0, 0.0], 'size_mean': 0.0, 'size_std': 0.0}, 'timing_breakdown': {'sample_processing_time_ms': 463.238, 'learner_dequeue_time_ms': 508.763, 'learner_load_wait_time_ms': 7.679, 'train_time_ms': 464.829, 'enqueue_time_ms': 0.042, 'sample_time_ms': 464.829, 'learner_load_time_ms': 30.836, 'put_weights_time_ms': 18.489, 'learner_grad_time_ms': 22.837}, 'num_weight_syncs': 15331, 'num_steps_trained': 3830000, 'num_steps_sampled': 3832750, 'num_steps_replayed': 0}",0,2140,8694.395918367347,bd000271f8194582a49a82e05d6a5cb0,21.0,{}
15,3229,2018-11-10_00-20-44,4131000,False,102,ip-172-30-5-248,11.004784107208252,162.5429880619049,"{'grad_clip': 40.0, 'replay_buffer_num_slots': 100, 'tf_session_args': {'allow_soft_placement': True, 'gpu_options': {'allow_growth': True}, 'inter_op_parallelism_threads': 1, 'device_count': {'CPU': 1}, 'intra_op_parallelism_threads': 1, 'log_device_placement': False}, 'synchronize_filters': True, 'opt_type': 'adam', 'num_gpus_per_worker': 0, 'sample_batch_size': 50, 'max_sample_requests_in_flight_per_worker': 1, 'lr_schedule': None, 'compress_observations': False, 'log_level': 'INFO', 'monitor': False, 'vtrace_clip_pg_rho_threshold': 1.0, 'decay': 0.99, 'multiagent': {'policy_mapping_fn': None, 'policy_graphs': {}, 'policies_to_train': None}, 'num_parallel_data_loaders': 4, 'num_cpus_per_worker': 1, 'env_config': {}, 'vtrace': True, 'entropy_coeff': -0.01, 'env': 'PongNoFrameskip-v4', 'lr': 0.0005, 'momentum': 0.0, 'sample_async': False, 'preprocessor_pref': 'deepmind', 'clip_rewards': None, 'optimizer': {'grad_clip': 40.0, 'num_envs_per_worker': 5, 'num_gpus': 2, 'replay_buffer_num_slots': 100, 'num_parallel_data_loaders': 4, 'sample_batch_size': 50, 'lr': 0.0005, 'replay_proportion': 0.0, 'max_sample_requests_in_flight_per_worker': 1, 'train_batch_size': 1000}, 'num_workers': 128, 'epsilon': 0.1, 'collect_metrics_timeout': 180, 'callbacks': {'on_episode_step': None, 'on_sample_end': None, 'on_episode_start': None, 'on_episode_end': None}, 'replay_proportion': 0.0, 'train_batch_size': 1000, 'batch_mode': 'truncate_episodes', 'vf_loss_coeff': 0.5, 'num_envs_per_worker': 5, 'num_gpus': 2, 'min_iter_time_s': 10, 'vtrace_clip_rho_threshold': 1.0, 'observation_filter': 'NoFilter', 'gpu_fraction': 1, 'horizon': None, 'model': {'custom_preprocessor': None, 'fcnet_activation': 'tanh', 'framestack': True, 'squash_to_range': False, 'use_lstm': False, 'free_log_std': False, 'grayscale': False, 'channel_major': False, 'custom_model': None, 'max_seq_len': 20, 'lstm_use_prev_action_reward': False, 'fcnet_hiddens': [256, 256], 'dim': 42, 'custom_options': {}, 'conv_filters': None, 'lstm_cell_size': 256, 'conv_activation': 'relu', 'zero_mean': True}, 'gamma': 0.99}",162.5429880619049,15,172.30.5.248,1541809244,16.166666666666668,1.0,{},4131000,298250,"{'sample_throughput': 28932.495, 'train_throughput': 28881.647, 'learner': {'grad_gnorm': 40.0, 'vf_explained_var': 0.894396960735321, 'var_gnorm': 22.132984161376953, 'entropy': 779.85205078125, 'cur_lr': 0.0005000000237487257, 'policy_loss': -12.978985786437988, 'vf_loss': 3.489276647567749}, 'learner_queue': {'size_count': 4131, 'size_quantiles': [0.0, 0.0, 0.0, 0.0, 0.0], 'size_mean': 0.0, 'size_std': 0.0}, 'timing_breakdown': {'sample_processing_time_ms': 491.354, 'learner_dequeue_time_ms': 472.58, 'learner_load_wait_time_ms': 9.55, 'train_time_ms': 491.662, 'enqueue_time_ms': 0.058, 'sample_time_ms': 491.662, 'learner_load_time_ms': 30.644, 'put_weights_time_ms': 16.005, 'learner_grad_time_ms': 22.983}, 'num_weight_syncs': 16524, 'num_steps_trained': 4129000, 'num_steps_sampled': 4131000, 'num_steps_replayed': 0}",0,2242,7858.294117647059,bd000271f8194582a49a82e05d6a5cb0,21.0,{}
16,3229,2018-11-10_00-20-55,4433750,False,173,ip-172-30-5-248,10.91531491279602,173.45830297470093,"{'grad_clip': 40.0, 'replay_buffer_num_slots': 100, 'tf_session_args': {'allow_soft_placement': True, 'gpu_options': {'allow_growth': True}, 'inter_op_parallelism_threads': 1, 'device_count': {'CPU': 1}, 'intra_op_parallelism_threads': 1, 'log_device_placement': False}, 'synchronize_filters': True, 'opt_type': 'adam', 'num_gpus_per_worker': 0, 'sample_batch_size': 50, 'max_sample_requests_in_flight_per_worker': 1, 'lr_schedule': None, 'compress_observations': False, 'log_level': 'INFO', 'monitor': False, 'vtrace_clip_pg_rho_threshold': 1.0, 'decay': 0.99, 'multiagent': {'policy_mapping_fn': None, 'policy_graphs': {}, 'policies_to_train': None}, 'num_parallel_data_loaders': 4, 'num_cpus_per_worker': 1, 'env_config': {}, 'vtrace': True, 'entropy_coeff': -0.01, 'env': 'PongNoFrameskip-v4', 'lr': 0.0005, 'momentum': 0.0, 'sample_async': False, 'preprocessor_pref': 'deepmind', 'clip_rewards': None, 'optimizer': {'grad_clip': 40.0, 'num_envs_per_worker': 5, 'num_gpus': 2, 'replay_buffer_num_slots': 100, 'num_parallel_data_loaders': 4, 'sample_batch_size': 50, 'lr': 0.0005, 'replay_proportion': 0.0, 'max_sample_requests_in_flight_per_worker': 1, 'train_batch_size': 1000}, 'num_workers': 128, 'epsilon': 0.1, 'collect_metrics_timeout': 180, 'callbacks': {'on_episode_step': None, 'on_sample_end': None, 'on_episode_start': None, 'on_episode_end': None}, 'replay_proportion': 0.0, 'train_batch_size': 1000, 'batch_mode': 'truncate_episodes', 'vf_loss_coeff': 0.5, 'num_envs_per_worker': 5, 'num_gpus': 2, 'min_iter_time_s': 10, 'vtrace_clip_rho_threshold': 1.0, 'observation_filter': 'NoFilter', 'gpu_fraction': 1, 'horizon': None, 'model': {'custom_preprocessor': None, 'fcnet_activation': 'tanh', 'framestack': True, 'squash_to_range': False, 'use_lstm': False, 'free_log_std': False, 'grayscale': False, 'channel_major': False, 'custom_model': None, 'max_seq_len': 20, 'lstm_use_prev_action_reward': False, 'fcnet_hiddens': [256, 256], 'dim': 42, 'custom_options': {}, 'conv_filters': None, 'lstm_cell_size': 256, 'conv_activation': 'relu', 'zero_mean': True}, 'gamma': 0.99}",173.45830297470093,16,172.30.5.248,1541809255,17.745664739884393,3.0,{},4433750,302750,"{'sample_throughput': 29127.622, 'train_throughput': 29235.904, 'learner': {'grad_gnorm': 40.000003814697266, 'vf_explained_var': 0.9381713271141052, 'var_gnorm': 22.487213134765625, 'entropy': 813.828369140625, 'cur_lr': 0.0005000000237487257, 'policy_loss': -21.470151901245117, 'vf_loss': 2.8201096057891846}, 'learner_queue': {'size_count': 4433, 'size_quantiles': [0.0, 0.0, 0.0, 0.0, 0.0], 'size_mean': 0.0, 'size_std': 0.0}, 'timing_breakdown': {'sample_processing_time_ms': 461.59, 'learner_dequeue_time_ms': 511.164, 'learner_load_wait_time_ms': 9.449, 'train_time_ms': 461.761, 'enqueue_time_ms': 0.042, 'sample_time_ms': 461.761, 'learner_load_time_ms': 33.654, 'put_weights_time_ms': 16.024, 'learner_grad_time_ms': 25.648}, 'num_weight_syncs': 17735, 'num_steps_trained': 4431000, 'num_steps_sampled': 4433750, 'num_steps_replayed': 0}",0,2415,7381.560693641619,bd000271f8194582a49a82e05d6a5cb0,21.0,{}
17,3229,2018-11-10_00-21-05,4725750,False,176,ip-172-30-5-248,10.728613138198853,184.18691611289978,"{'grad_clip': 40.0, 'replay_buffer_num_slots': 100, 'tf_session_args': {'allow_soft_placement': True, 'gpu_options': {'allow_growth': True}, 'inter_op_parallelism_threads': 1, 'device_count': {'CPU': 1}, 'intra_op_parallelism_threads': 1, 'log_device_placement': False}, 'synchronize_filters': True, 'opt_type': 'adam', 'num_gpus_per_worker': 0, 'sample_batch_size': 50, 'max_sample_requests_in_flight_per_worker': 1, 'lr_schedule': None, 'compress_observations': False, 'log_level': 'INFO', 'monitor': False, 'vtrace_clip_pg_rho_threshold': 1.0, 'decay': 0.99, 'multiagent': {'policy_mapping_fn': None, 'policy_graphs': {}, 'policies_to_train': None}, 'num_parallel_data_loaders': 4, 'num_cpus_per_worker': 1, 'env_config': {}, 'vtrace': True, 'entropy_coeff': -0.01, 'env': 'PongNoFrameskip-v4', 'lr': 0.0005, 'momentum': 0.0, 'sample_async': False, 'preprocessor_pref': 'deepmind', 'clip_rewards': None, 'optimizer': {'grad_clip': 40.0, 'num_envs_per_worker': 5, 'num_gpus': 2, 'replay_buffer_num_slots': 100, 'num_parallel_data_loaders': 4, 'sample_batch_size': 50, 'lr': 0.0005, 'replay_proportion': 0.0, 'max_sample_requests_in_flight_per_worker': 1, 'train_batch_size': 1000}, 'num_workers': 128, 'epsilon': 0.1, 'collect_metrics_timeout': 180, 'callbacks': {'on_episode_step': None, 'on_sample_end': None, 'on_episode_start': None, 'on_episode_end': None}, 'replay_proportion': 0.0, 'train_batch_size': 1000, 'batch_mode': 'truncate_episodes', 'vf_loss_coeff': 0.5, 'num_envs_per_worker': 5, 'num_gpus': 2, 'min_iter_time_s': 10, 'vtrace_clip_rho_threshold': 1.0, 'observation_filter': 'NoFilter', 'gpu_fraction': 1, 'horizon': None, 'model': {'custom_preprocessor': None, 'fcnet_activation': 'tanh', 'framestack': True, 'squash_to_range': False, 'use_lstm': False, 'free_log_std': False, 'grayscale': False, 'channel_major': False, 'custom_model': None, 'max_seq_len': 20, 'lstm_use_prev_action_reward': False, 'fcnet_hiddens': [256, 256], 'dim': 42, 'custom_options': {}, 'conv_filters': None, 'lstm_cell_size': 256, 'conv_activation': 'relu', 'zero_mean': True}, 'gamma': 0.99}",184.18691611289978,17,172.30.5.248,1541809265,18.5625,7.0,{},4725750,292000,"{'sample_throughput': 29691.873, 'train_throughput': 29583.903, 'learner': {'grad_gnorm': 39.08464813232422, 'vf_explained_var': 0.9847612380981445, 'var_gnorm': 22.869369506835938, 'entropy': 844.2308959960938, 'cur_lr': 0.0005000000237487257, 'policy_loss': 2.92580509185791, 'vf_loss': 0.5940723419189453}, 'learner_queue': {'size_count': 4725, 'size_quantiles': [0.0, 0.0, 0.0, 0.0, 0.0], 'size_mean': 0.0, 'size_std': 0.0}, 'timing_breakdown': {'sample_processing_time_ms': 462.793, 'learner_dequeue_time_ms': 505.9, 'learner_load_wait_time_ms': 6.346, 'train_time_ms': 463.09, 'enqueue_time_ms': 0.035, 'sample_time_ms': 463.09, 'learner_load_time_ms': 27.07, 'put_weights_time_ms': 16.785, 'learner_grad_time_ms': 25.448}, 'num_weight_syncs': 18903, 'num_steps_trained': 4723000, 'num_steps_sampled': 4725750, 'num_steps_replayed': 0}",0,2591,7133.869318181818,bd000271f8194582a49a82e05d6a5cb0,21.0,{}
18,3229,2018-11-10_00-21-16,5018750,False,204,ip-172-30-5-248,10.681448221206665,194.86836433410645,"{'grad_clip': 40.0, 'replay_buffer_num_slots': 100, 'tf_session_args': {'allow_soft_placement': True, 'gpu_options': {'allow_growth': True}, 'inter_op_parallelism_threads': 1, 'device_count': {'CPU': 1}, 'intra_op_parallelism_threads': 1, 'log_device_placement': False}, 'synchronize_filters': True, 'opt_type': 'adam', 'num_gpus_per_worker': 0, 'sample_batch_size': 50, 'max_sample_requests_in_flight_per_worker': 1, 'lr_schedule': None, 'compress_observations': False, 'log_level': 'INFO', 'monitor': False, 'vtrace_clip_pg_rho_threshold': 1.0, 'decay': 0.99, 'multiagent': {'policy_mapping_fn': None, 'policy_graphs': {}, 'policies_to_train': None}, 'num_parallel_data_loaders': 4, 'num_cpus_per_worker': 1, 'env_config': {}, 'vtrace': True, 'entropy_coeff': -0.01, 'env': 'PongNoFrameskip-v4', 'lr': 0.0005, 'momentum': 0.0, 'sample_async': False, 'preprocessor_pref': 'deepmind', 'clip_rewards': None, 'optimizer': {'grad_clip': 40.0, 'num_envs_per_worker': 5, 'num_gpus': 2, 'replay_buffer_num_slots': 100, 'num_parallel_data_loaders': 4, 'sample_batch_size': 50, 'lr': 0.0005, 'replay_proportion': 0.0, 'max_sample_requests_in_flight_per_worker': 1, 'train_batch_size': 1000}, 'num_workers': 128, 'epsilon': 0.1, 'collect_metrics_timeout': 180, 'callbacks': {'on_episode_step': None, 'on_sample_end': None, 'on_episode_start': None, 'on_episode_end': None}, 'replay_proportion': 0.0, 'train_batch_size': 1000, 'batch_mode': 'truncate_episodes', 'vf_loss_coeff': 0.5, 'num_envs_per_worker': 5, 'num_gpus': 2, 'min_iter_time_s': 10, 'vtrace_clip_rho_threshold': 1.0, 'observation_filter': 'NoFilter', 'gpu_fraction': 1, 'horizon': None, 'model': {'custom_preprocessor': None, 'fcnet_activation': 'tanh', 'framestack': True, 'squash_to_range': False, 'use_lstm': False, 'free_log_std': False, 'grayscale': False, 'channel_major': False, 'custom_model': None, 'max_seq_len': 20, 'lstm_use_prev_action_reward': False, 'fcnet_hiddens': [256, 256], 'dim': 42, 'custom_options': {}, 'conv_filters': None, 'lstm_cell_size': 256, 'conv_activation': 'relu', 'zero_mean': True}, 'gamma': 0.99}",194.86836433410645,18,172.30.5.248,1541809276,18.642156862745097,13.0,{},5018750,293000,"{'sample_throughput': 29748.909, 'train_throughput': 29694.324, 'learner': {'grad_gnorm': 30.84665870666504, 'vf_explained_var': 0.9662233591079712, 'var_gnorm': 23.27155303955078, 'entropy': 827.4559326171875, 'cur_lr': 0.0005000000237487257, 'policy_loss': 0.08407279849052429, 'vf_loss': 0.8963937759399414}, 'learner_queue': {'size_count': 5018, 'size_quantiles': [0.0, 0.0, 0.0, 0.0, 0.0], 'size_mean': 0.0, 'size_std': 0.0}, 'timing_breakdown': {'sample_processing_time_ms': 457.783, 'learner_dequeue_time_ms': 513.732, 'learner_load_wait_time_ms': 5.424, 'train_time_ms': 458.0, 'enqueue_time_ms': 0.064, 'sample_time_ms': 458.0, 'learner_load_time_ms': 26.956, 'put_weights_time_ms': 16.405, 'learner_grad_time_ms': 24.799}, 'num_weight_syncs': 20075, 'num_steps_trained': 5017000, 'num_steps_sampled': 5018750, 'num_steps_replayed': 0}",0,2795,7106.950980392156,bd000271f8194582a49a82e05d6a5cb0,21.0,{}
19,3229,2018-11-10_00-21-27,5313750,False,124,ip-172-30-5-248,10.822080135345459,205.6904444694519,"{'grad_clip': 40.0, 'replay_buffer_num_slots': 100, 'tf_session_args': {'allow_soft_placement': True, 'gpu_options': {'allow_growth': True}, 'inter_op_parallelism_threads': 1, 'device_count': {'CPU': 1}, 'intra_op_parallelism_threads': 1, 'log_device_placement': False}, 'synchronize_filters': True, 'opt_type': 'adam', 'num_gpus_per_worker': 0, 'sample_batch_size': 50, 'max_sample_requests_in_flight_per_worker': 1, 'lr_schedule': None, 'compress_observations': False, 'log_level': 'INFO', 'monitor': False, 'vtrace_clip_pg_rho_threshold': 1.0, 'decay': 0.99, 'multiagent': {'policy_mapping_fn': None, 'policy_graphs': {}, 'policies_to_train': None}, 'num_parallel_data_loaders': 4, 'num_cpus_per_worker': 1, 'env_config': {}, 'vtrace': True, 'entropy_coeff': -0.01, 'env': 'PongNoFrameskip-v4', 'lr': 0.0005, 'momentum': 0.0, 'sample_async': False, 'preprocessor_pref': 'deepmind', 'clip_rewards': None, 'optimizer': {'grad_clip': 40.0, 'num_envs_per_worker': 5, 'num_gpus': 2, 'replay_buffer_num_slots': 100, 'num_parallel_data_loaders': 4, 'sample_batch_size': 50, 'lr': 0.0005, 'replay_proportion': 0.0, 'max_sample_requests_in_flight_per_worker': 1, 'train_batch_size': 1000}, 'num_workers': 128, 'epsilon': 0.1, 'collect_metrics_timeout': 180, 'callbacks': {'on_episode_step': None, 'on_sample_end': None, 'on_episode_start': None, 'on_episode_end': None}, 'replay_proportion': 0.0, 'train_batch_size': 1000, 'batch_mode': 'truncate_episodes', 'vf_loss_coeff': 0.5, 'num_envs_per_worker': 5, 'num_gpus': 2, 'min_iter_time_s': 10, 'vtrace_clip_rho_threshold': 1.0, 'observation_filter': 'NoFilter', 'gpu_fraction': 1, 'horizon': None, 'model': {'custom_preprocessor': None, 'fcnet_activation': 'tanh', 'framestack': True, 'squash_to_range': False, 'use_lstm': False, 'free_log_std': False, 'grayscale': False, 'channel_major': False, 'custom_model': None, 'max_seq_len': 20, 'lstm_use_prev_action_reward': False, 'fcnet_hiddens': [256, 256], 'dim': 42, 'custom_options': {}, 'conv_filters': None, 'lstm_cell_size': 256, 'conv_activation': 'relu', 'zero_mean': True}, 'gamma': 0.99}",205.6904444694519,19,172.30.5.248,1541809287,18.653225806451612,15.0,{},5313750,295000,"{'sample_throughput': 29066.657, 'train_throughput': 29277.284, 'learner': {'grad_gnorm': 39.999996185302734, 'vf_explained_var': 0.9772277474403381, 'var_gnorm': 23.594554901123047, 'entropy': 809.5106811523438, 'cur_lr': 0.0005000000237487257, 'policy_loss': 12.327712059020996, 'vf_loss': 0.7349948883056641}, 'learner_queue': {'size_count': 5313, 'size_quantiles': [0.0, 0.0, 0.0, 0.0, 0.0], 'size_mean': 0.0, 'size_std': 0.0}, 'timing_breakdown': {'sample_processing_time_ms': 474.506, 'learner_dequeue_time_ms': 514.036, 'learner_load_wait_time_ms': 8.462, 'train_time_ms': 474.771, 'enqueue_time_ms': 0.04, 'sample_time_ms': 474.771, 'learner_load_time_ms': 29.629, 'put_weights_time_ms': 24.93, 'learner_grad_time_ms': 26.14}, 'num_weight_syncs': 21255, 'num_steps_trained': 5311000, 'num_steps_sampled': 5313750, 'num_steps_replayed': 0}",0,2919,7119.951612903225,bd000271f8194582a49a82e05d6a5cb0,21.0,{}
20,3229,2018-11-10_00-21-38,5609250,False,161,ip-172-30-5-248,10.718937158584595,216.4093816280365,"{'grad_clip': 40.0, 'replay_buffer_num_slots': 100, 'tf_session_args': {'allow_soft_placement': True, 'gpu_options': {'allow_growth': True}, 'inter_op_parallelism_threads': 1, 'device_count': {'CPU': 1}, 'intra_op_parallelism_threads': 1, 'log_device_placement': False}, 'synchronize_filters': True, 'opt_type': 'adam', 'num_gpus_per_worker': 0, 'sample_batch_size': 50, 'max_sample_requests_in_flight_per_worker': 1, 'lr_schedule': None, 'compress_observations': False, 'log_level': 'INFO', 'monitor': False, 'vtrace_clip_pg_rho_threshold': 1.0, 'decay': 0.99, 'multiagent': {'policy_mapping_fn': None, 'policy_graphs': {}, 'policies_to_train': None}, 'num_parallel_data_loaders': 4, 'num_cpus_per_worker': 1, 'env_config': {}, 'vtrace': True, 'entropy_coeff': -0.01, 'env': 'PongNoFrameskip-v4', 'lr': 0.0005, 'momentum': 0.0, 'sample_async': False, 'preprocessor_pref': 'deepmind', 'clip_rewards': None, 'optimizer': {'grad_clip': 40.0, 'num_envs_per_worker': 5, 'num_gpus': 2, 'replay_buffer_num_slots': 100, 'num_parallel_data_loaders': 4, 'sample_batch_size': 50, 'lr': 0.0005, 'replay_proportion': 0.0, 'max_sample_requests_in_flight_per_worker': 1, 'train_batch_size': 1000}, 'num_workers': 128, 'epsilon': 0.1, 'collect_metrics_timeout': 180, 'callbacks': {'on_episode_step': None, 'on_sample_end': None, 'on_episode_start': None, 'on_episode_end': None}, 'replay_proportion': 0.0, 'train_batch_size': 1000, 'batch_mode': 'truncate_episodes', 'vf_loss_coeff': 0.5, 'num_envs_per_worker': 5, 'num_gpus': 2, 'min_iter_time_s': 10, 'vtrace_clip_rho_threshold': 1.0, 'observation_filter': 'NoFilter', 'gpu_fraction': 1, 'horizon': None, 'model': {'custom_preprocessor': None, 'fcnet_activation': 'tanh', 'framestack': True, 'squash_to_range': False, 'use_lstm': False, 'free_log_std': False, 'grayscale': False, 'channel_major': False, 'custom_model': None, 'max_seq_len': 20, 'lstm_use_prev_action_reward': False, 'fcnet_hiddens': [256, 256], 'dim': 42, 'custom_options': {}, 'conv_filters': None, 'lstm_cell_size': 256, 'conv_activation': 'relu', 'zero_mean': True}, 'gamma': 0.99}",216.4093816280365,20,172.30.5.248,1541809298,18.832298136645964,14.0,{},5609250,295500,"{'sample_throughput': 29253.662, 'train_throughput': 28838.717, 'learner': {'grad_gnorm': 40.0, 'vf_explained_var': 0.9544065594673157, 'var_gnorm': 23.905345916748047, 'entropy': 824.9113159179688, 'cur_lr': 0.0005000000237487257, 'policy_loss': -10.8119478225708, 'vf_loss': 2.6039631366729736}, 'learner_queue': {'size_count': 5609, 'size_quantiles': [0.0, 0.0, 0.0, 0.0, 0.0], 'size_mean': 0.0, 'size_std': 0.0}, 'timing_breakdown': {'sample_processing_time_ms': 481.596, 'learner_dequeue_time_ms': 526.441, 'learner_load_wait_time_ms': 6.59, 'train_time_ms': 481.991, 'enqueue_time_ms': 0.043, 'sample_time_ms': 481.991, 'learner_load_time_ms': 25.612, 'put_weights_time_ms': 17.877, 'learner_grad_time_ms': 24.007}, 'num_weight_syncs': 22437, 'num_steps_trained': 5605000, 'num_steps_sampled': 5609250, 'num_steps_replayed': 0}",0,3080,7047.83850931677,bd000271f8194582a49a82e05d6a5cb0,21.0,{}
21,3229,2018-11-10_00-21-48,5902750,False,181,ip-172-30-5-248,10.684693098068237,227.09407472610474,"{'grad_clip': 40.0, 'replay_buffer_num_slots': 100, 'tf_session_args': {'allow_soft_placement': True, 'gpu_options': {'allow_growth': True}, 'inter_op_parallelism_threads': 1, 'device_count': {'CPU': 1}, 'intra_op_parallelism_threads': 1, 'log_device_placement': False}, 'synchronize_filters': True, 'opt_type': 'adam', 'num_gpus_per_worker': 0, 'sample_batch_size': 50, 'max_sample_requests_in_flight_per_worker': 1, 'lr_schedule': None, 'compress_observations': False, 'log_level': 'INFO', 'monitor': False, 'vtrace_clip_pg_rho_threshold': 1.0, 'decay': 0.99, 'multiagent': {'policy_mapping_fn': None, 'policy_graphs': {}, 'policies_to_train': None}, 'num_parallel_data_loaders': 4, 'num_cpus_per_worker': 1, 'env_config': {}, 'vtrace': True, 'entropy_coeff': -0.01, 'env': 'PongNoFrameskip-v4', 'lr': 0.0005, 'momentum': 0.0, 'sample_async': False, 'preprocessor_pref': 'deepmind', 'clip_rewards': None, 'optimizer': {'grad_clip': 40.0, 'num_envs_per_worker': 5, 'num_gpus': 2, 'replay_buffer_num_slots': 100, 'num_parallel_data_loaders': 4, 'sample_batch_size': 50, 'lr': 0.0005, 'replay_proportion': 0.0, 'max_sample_requests_in_flight_per_worker': 1, 'train_batch_size': 1000}, 'num_workers': 128, 'epsilon': 0.1, 'collect_metrics_timeout': 180, 'callbacks': {'on_episode_step': None, 'on_sample_end': None, 'on_episode_start': None, 'on_episode_end': None}, 'replay_proportion': 0.0, 'train_batch_size': 1000, 'batch_mode': 'truncate_episodes', 'vf_loss_coeff': 0.5, 'num_envs_per_worker': 5, 'num_gpus': 2, 'min_iter_time_s': 10, 'vtrace_clip_rho_threshold': 1.0, 'observation_filter': 'NoFilter', 'gpu_fraction': 1, 'horizon': None, 'model': {'custom_preprocessor': None, 'fcnet_activation': 'tanh', 'framestack': True, 'squash_to_range': False, 'use_lstm': False, 'free_log_std': False, 'grayscale': False, 'channel_major': False, 'custom_model': None, 'max_seq_len': 20, 'lstm_use_prev_action_reward': False, 'fcnet_hiddens': [256, 256], 'dim': 42, 'custom_options': {}, 'conv_filters': None, 'lstm_cell_size': 256, 'conv_activation': 'relu', 'zero_mean': True}, 'gamma': 0.99}",227.09407472610474,21,172.30.5.248,1541809308,18.845303867403317,13.0,{},5902750,293500,"{'sample_throughput': 28892.256, 'train_throughput': 28841.119, 'learner': {'grad_gnorm': 39.99999237060547, 'vf_explained_var': 0.8578586578369141, 'var_gnorm': 24.309274673461914, 'entropy': 798.5941162109375, 'cur_lr': 0.0005000000237487257, 'policy_loss': -24.57419204711914, 'vf_loss': 6.94657039642334}, 'learner_queue': {'size_count': 5902, 'size_quantiles': [0.0, 0.0, 0.0, 0.0, 0.0], 'size_mean': 0.0, 'size_std': 0.0}, 'timing_breakdown': {'sample_processing_time_ms': 488.672, 'learner_dequeue_time_ms': 530.799, 'learner_load_wait_time_ms': 10.461, 'train_time_ms': 488.885, 'enqueue_time_ms': 0.036, 'sample_time_ms': 488.885, 'learner_load_time_ms': 28.919, 'put_weights_time_ms': 18.084, 'learner_grad_time_ms': 23.063}, 'num_weight_syncs': 23611, 'num_steps_trained': 5900000, 'num_steps_sampled': 5902750, 'num_steps_replayed': 0}",0,3261,7063.790055248619,bd000271f8194582a49a82e05d6a5cb0,21.0,{}
22,3229,2018-11-10_00-21-59,6197000,False,187,ip-172-30-5-248,10.768527030944824,237.86260175704956,"{'grad_clip': 40.0, 'replay_buffer_num_slots': 100, 'tf_session_args': {'allow_soft_placement': True, 'gpu_options': {'allow_growth': True}, 'inter_op_parallelism_threads': 1, 'device_count': {'CPU': 1}, 'intra_op_parallelism_threads': 1, 'log_device_placement': False}, 'synchronize_filters': True, 'opt_type': 'adam', 'num_gpus_per_worker': 0, 'sample_batch_size': 50, 'max_sample_requests_in_flight_per_worker': 1, 'lr_schedule': None, 'compress_observations': False, 'log_level': 'INFO', 'monitor': False, 'vtrace_clip_pg_rho_threshold': 1.0, 'decay': 0.99, 'multiagent': {'policy_mapping_fn': None, 'policy_graphs': {}, 'policies_to_train': None}, 'num_parallel_data_loaders': 4, 'num_cpus_per_worker': 1, 'env_config': {}, 'vtrace': True, 'entropy_coeff': -0.01, 'env': 'PongNoFrameskip-v4', 'lr': 0.0005, 'momentum': 0.0, 'sample_async': False, 'preprocessor_pref': 'deepmind', 'clip_rewards': None, 'optimizer': {'grad_clip': 40.0, 'num_envs_per_worker': 5, 'num_gpus': 2, 'replay_buffer_num_slots': 100, 'num_parallel_data_loaders': 4, 'sample_batch_size': 50, 'lr': 0.0005, 'replay_proportion': 0.0, 'max_sample_requests_in_flight_per_worker': 1, 'train_batch_size': 1000}, 'num_workers': 128, 'epsilon': 0.1, 'collect_metrics_timeout': 180, 'callbacks': {'on_episode_step': None, 'on_sample_end': None, 'on_episode_start': None, 'on_episode_end': None}, 'replay_proportion': 0.0, 'train_batch_size': 1000, 'batch_mode': 'truncate_episodes', 'vf_loss_coeff': 0.5, 'num_envs_per_worker': 5, 'num_gpus': 2, 'min_iter_time_s': 10, 'vtrace_clip_rho_threshold': 1.0, 'observation_filter': 'NoFilter', 'gpu_fraction': 1, 'horizon': None, 'model': {'custom_preprocessor': None, 'fcnet_activation': 'tanh', 'framestack': True, 'squash_to_range': False, 'use_lstm': False, 'free_log_std': False, 'grayscale': False, 'channel_major': False, 'custom_model': None, 'max_seq_len': 20, 'lstm_use_prev_action_reward': False, 'fcnet_hiddens': [256, 256], 'dim': 42, 'custom_options': {}, 'conv_filters': None, 'lstm_cell_size': 256, 'conv_activation': 'relu', 'zero_mean': True}, 'gamma': 0.99}",237.86260175704956,22,172.30.5.248,1541809319,18.79144385026738,14.0,{},6197000,294250,"{'sample_throughput': 28931.039, 'train_throughput': 28983.167, 'learner': {'grad_gnorm': 39.999996185302734, 'vf_explained_var': 0.9056210517883301, 'var_gnorm': 24.79998779296875, 'entropy': 800.0948486328125, 'cur_lr': 0.0005000000237487257, 'policy_loss': -2.079580307006836, 'vf_loss': 3.6766915321350098}, 'learner_queue': {'size_count': 6197, 'size_quantiles': [0.0, 0.0, 0.0, 0.0, 0.0], 'size_mean': 0.0, 'size_std': 0.0}, 'timing_breakdown': {'sample_processing_time_ms': 479.347, 'learner_dequeue_time_ms': 524.995, 'learner_load_wait_time_ms': 3.301, 'train_time_ms': 479.589, 'enqueue_time_ms': 0.05, 'sample_time_ms': 479.589, 'learner_load_time_ms': 26.097, 'put_weights_time_ms': 18.745, 'learner_grad_time_ms': 25.011}, 'num_weight_syncs': 24788, 'num_steps_trained': 6196000, 'num_steps_sampled': 6197000, 'num_steps_replayed': 0}",0,3448,7089.395721925133,bd000271f8194582a49a82e05d6a5cb0,21.0,{}
23,3229,2018-11-10_00-22-10,6491500,False,130,ip-172-30-5-248,10.686608076095581,248.54920983314514,"{'grad_clip': 40.0, 'replay_buffer_num_slots': 100, 'tf_session_args': {'allow_soft_placement': True, 'gpu_options': {'allow_growth': True}, 'inter_op_parallelism_threads': 1, 'device_count': {'CPU': 1}, 'intra_op_parallelism_threads': 1, 'log_device_placement': False}, 'synchronize_filters': True, 'opt_type': 'adam', 'num_gpus_per_worker': 0, 'sample_batch_size': 50, 'max_sample_requests_in_flight_per_worker': 1, 'lr_schedule': None, 'compress_observations': False, 'log_level': 'INFO', 'monitor': False, 'vtrace_clip_pg_rho_threshold': 1.0, 'decay': 0.99, 'multiagent': {'policy_mapping_fn': None, 'policy_graphs': {}, 'policies_to_train': None}, 'num_parallel_data_loaders': 4, 'num_cpus_per_worker': 1, 'env_config': {}, 'vtrace': True, 'entropy_coeff': -0.01, 'env': 'PongNoFrameskip-v4', 'lr': 0.0005, 'momentum': 0.0, 'sample_async': False, 'preprocessor_pref': 'deepmind', 'clip_rewards': None, 'optimizer': {'grad_clip': 40.0, 'num_envs_per_worker': 5, 'num_gpus': 2, 'replay_buffer_num_slots': 100, 'num_parallel_data_loaders': 4, 'sample_batch_size': 50, 'lr': 0.0005, 'replay_proportion': 0.0, 'max_sample_requests_in_flight_per_worker': 1, 'train_batch_size': 1000}, 'num_workers': 128, 'epsilon': 0.1, 'collect_metrics_timeout': 180, 'callbacks': {'on_episode_step': None, 'on_sample_end': None, 'on_episode_start': None, 'on_episode_end': None}, 'replay_proportion': 0.0, 'train_batch_size': 1000, 'batch_mode': 'truncate_episodes', 'vf_loss_coeff': 0.5, 'num_envs_per_worker': 5, 'num_gpus': 2, 'min_iter_time_s': 10, 'vtrace_clip_rho_threshold': 1.0, 'observation_filter': 'NoFilter', 'gpu_fraction': 1, 'horizon': None, 'model': {'custom_preprocessor': None, 'fcnet_activation': 'tanh', 'framestack': True, 'squash_to_range': False, 'use_lstm': False, 'free_log_std': False, 'grayscale': False, 'channel_major': False, 'custom_model': None, 'max_seq_len': 20, 'lstm_use_prev_action_reward': False, 'fcnet_hiddens': [256, 256], 'dim': 42, 'custom_options': {}, 'conv_filters': None, 'lstm_cell_size': 256, 'conv_activation': 'relu', 'zero_mean': True}, 'gamma': 0.99}",248.54920983314514,23,172.30.5.248,1541809330,18.630769230769232,12.0,{},6491500,294500,"{'sample_throughput': 29259.08, 'train_throughput': 29204.997, 'learner': {'grad_gnorm': 40.0, 'vf_explained_var': 0.98110431432724, 'var_gnorm': 25.14093017578125, 'entropy': 804.1083984375, 'cur_lr': 0.0005000000237487257, 'policy_loss': 2.8747267723083496, 'vf_loss': 0.6486158967018127}, 'learner_queue': {'size_count': 6491, 'size_quantiles': [0.0, 0.0, 0.0, 0.0, 0.0], 'size_mean': 0.0, 'size_std': 0.0}, 'timing_breakdown': {'sample_processing_time_ms': 462.006, 'learner_dequeue_time_ms': 510.923, 'learner_load_wait_time_ms': 0.016, 'train_time_ms': 462.25, 'enqueue_time_ms': 0.041, 'sample_time_ms': 462.25, 'learner_load_time_ms': 32.775, 'put_weights_time_ms': 18.366, 'learner_grad_time_ms': 26.903}, 'num_weight_syncs': 25966, 'num_steps_trained': 6488000, 'num_steps_sampled': 6491500, 'num_steps_replayed': 0}",0,3578,7123.984615384616,bd000271f8194582a49a82e05d6a5cb0,21.0,{}
